,Coffee A,Coffee B,Coffee C,Coffee D
Coffee A,0.17647058823529413,0.21153846153846154,0.1875,0.2653061224489796
Coffee B,0.23529411764705882,0.25,0.34375,0.061224489795918366
Coffee C,0.23529411764705882,0.3269230769230769,0.15625,0.08163265306122448
Coffee D,0.35294117647058826,0.21153846153846154,0.3125,0.5918367346938775
