coffee,ground_truth,synthetic_uncorrected,synthetic_corrected
Coffee A,0.21714285714285714,0.12285714285714286,0.22073146841154045
Coffee B,0.20714285714285716,0.36142857142857143,0.20250085748585148
Coffee C,0.20285714285714285,0.18285714285714286,0.2028103439177869
Coffee D,0.37285714285714283,0.33285714285714285,0.37395733018482114
