{
  "Coffee A": {
    "point_estimate": 0.22073146841154045,
    "mean": 0.21930862245551944,
    "std": 0.03518645584314316,
    "ci_lower": 0.1528926132953181,
    "ci_upper": 0.29396467556362166,
    "ground_truth": 0.21714285714285714
  },
  "Coffee B": {
    "point_estimate": 0.20250085748585148,
    "mean": 0.20266545485166537,
    "std": 0.033260341578163724,
    "ci_lower": 0.14283041301627036,
    "ci_upper": 0.2697406408459332,
    "ground_truth": 0.20714285714285716
  },
  "Coffee C": {
    "point_estimate": 0.2028103439177869,
    "mean": 0.20490454477950495,
    "std": 0.03177633326267037,
    "ci_lower": 0.14302808039882617,
    "ci_upper": 0.26945299119456967,
    "ground_truth": 0.20285714285714285
  },
  "Coffee D": {
    "point_estimate": 0.37395733018482114,
    "mean": 0.37312137791331046,
    "std": 0.038511354885837165,
    "ci_lower": 0.29524272017607683,
    "ci_upper": 0.44724215833906245,
    "ground_truth": 0.37285714285714283
  }
}